LocalScript	StarterGui/ScreenGui/HUD/HUDStatsController.client.luau
LocalScript	StarterGui/ScreenGui/HUD/MoneyWidget/MoneyController.client.luau
LocalScript	StarterGui/ScreenGui/MainWindow/Content/PageContainer/InventoryPage/InventoryController.client.luau
LocalScript	StarterGui/ScreenGui/MainWindow/Content/PageContainer/YardPage/YardPageController.client.luau
LocalScript	StarterGui/ScreenGui/PawpadController.client.luau
LocalScript	StarterGui/ScreenGui/PawpadRuntime.client.luau
LocalScript	StarterGui/ScreenGui/PawpadStatsController.client.luau
LocalScript	StarterGui/ScreenGui/ServiceMenusController.client.luau
LocalScript	StarterPlayer/StarterPlayerScripts/CommunityClient.client.luau
LocalScript	StarterPlayer/StarterPlayerScripts/DistrictGuide.client.luau
LocalScript	StarterPlayer/StarterPlayerScripts/DistrictWorldMotion.client.luau
LocalScript	StarterPlayer/StarterPlayerScripts/DogAnimations.client.luau
LocalScript	StarterPlayer/StarterPlayerScripts/DogLinePortalFX.client.luau
LocalScript	StarterPlayer/StarterPlayerScripts/EconomyVisuals.client.luau
LocalScript	StarterPlayer/StarterPlayerScripts/ExpressMotion.client.luau
LocalScript	StarterPlayer/StarterPlayerScripts/GlobalDigPresentation.client.luau
LocalScript	StarterPlayer/StarterPlayerScripts/LabPrompt.client.luau
LocalScript	StarterPlayer/StarterPlayerScripts/LuckyBlockFX.client.luau
LocalScript	StarterPlayer/StarterPlayerScripts/LuckyLifecycleFX.client.luau
LocalScript	StarterPlayer/StarterPlayerScripts/MuseumPresentation.client.luau
LocalScript	StarterPlayer/StarterPlayerScripts/PlaceTypography.client.luau
LocalScript	StarterPlayer/StarterPlayerScripts/PlotPrompts.client.luau
LocalScript	StarterPlayer/StarterPlayerScripts/PlotSkinMotion.client.luau
LocalScript	StarterPlayer/StarterPlayerScripts/RewardMachineAttractionFX.client.luau
LocalScript	StarterPlayer/StarterPlayerScripts/RewardMachinePreview.client.luau
LocalScript	StarterPlayer/StarterPlayerScripts/RewardMachineWorldFX.client.luau
LocalScript	StarterPlayer/StarterPlayerScripts/ShopInteriorPrompts.client.luau
LocalScript	StarterPlayer/StarterPlayerScripts/SpiderdogAnimation.client.luau
LocalScript	StarterPlayer/StarterPlayerScripts/VoidAtmosphere.client.luau
LocalScript	StarterPlayer/StarterPlayerScripts/WelcomeArrival.client.luau
LocalScript	StarterPlayer/StarterPlayerScripts/WorldAmbience.client.luau
LocalScript	StarterPlayer/StarterPlayerScripts/WorldDetailQuality.client.luau
LocalScript	StarterPlayer/StarterPlayerScripts/WorldEventController.client.luau
LocalScript	StarterPlayer/StarterPlayerScripts/WorldEventTestPanel.client.luau
LocalScript	StarterPlayer/StarterPlayerScripts/WorldSignController.client.luau
ModuleScript	ReplicatedStorage/AudioSource.luau
ModuleScript	ReplicatedStorage/AurionWalkProfile.luau
ModuleScript	ReplicatedStorage/CommerceConfig.luau
ModuleScript	ReplicatedStorage/CommunityConfig.luau
ModuleScript	ReplicatedStorage/DogAnimationPlayer.luau
ModuleScript	ReplicatedStorage/DogEconomy/Config.luau
ModuleScript	ReplicatedStorage/DogEconomy/DepthDefinitions.luau
ModuleScript	ReplicatedStorage/DogEconomy/DiscoveryVisuals.luau
ModuleScript	ReplicatedStorage/DogEconomy/DogDefinitions.luau
ModuleScript	ReplicatedStorage/DogEconomy/ItemDefinitions.luau
ModuleScript	ReplicatedStorage/DogEconomy/MutationDefinitions.luau
ModuleScript	ReplicatedStorage/DogEconomy/SetDefinitions.luau
ModuleScript	ReplicatedStorage/DogEconomy/ShopDefinitions.luau
ModuleScript	ReplicatedStorage/DogEconomy/WeightProfiles.luau
ModuleScript	ReplicatedStorage/DogRenderProfile.luau
ModuleScript	ReplicatedStorage/DogRig.luau
ModuleScript	ReplicatedStorage/DogWalkGait.luau
ModuleScript	ReplicatedStorage/DogWalkProfiles.luau
ModuleScript	ReplicatedStorage/EconomyRewardVisuals.luau
ModuleScript	ReplicatedStorage/GameIcons.luau
ModuleScript	ReplicatedStorage/GlobalDigConfig.luau
ModuleScript	ReplicatedStorage/ItemValuation.luau
ModuleScript	ReplicatedStorage/ItemValueConfig.luau
ModuleScript	ReplicatedStorage/LabAccess.luau
ModuleScript	ReplicatedStorage/LabAudioConfig.luau
ModuleScript	ReplicatedStorage/LabConfig.luau
ModuleScript	ReplicatedStorage/LeaderboardConfig.luau
ModuleScript	ReplicatedStorage/LightingConfig.luau
ModuleScript	ReplicatedStorage/LocalAudioManifest.luau
ModuleScript	ReplicatedStorage/LuckyBlockConfig.luau
ModuleScript	ReplicatedStorage/LuckyBlockVisuals.luau
ModuleScript	ReplicatedStorage/LuckyLifecycleConfig.luau
ModuleScript	ReplicatedStorage/MapArtDirection.luau
ModuleScript	ReplicatedStorage/MapRouting.luau
ModuleScript	ReplicatedStorage/MuseumAudio.luau
ModuleScript	ReplicatedStorage/MuseumAudioConfig.luau
ModuleScript	ReplicatedStorage/MuseumCatalog.luau
ModuleScript	ReplicatedStorage/OfflineEarningsConfig.luau
ModuleScript	ReplicatedStorage/PlotAppearance.luau
ModuleScript	ReplicatedStorage/PlotCatalog.luau
ModuleScript	ReplicatedStorage/PlotGeometry.luau
ModuleScript	ReplicatedStorage/PlotInteractionAccess.luau
ModuleScript	ReplicatedStorage/PriceFormat.luau
ModuleScript	ReplicatedStorage/RewardAudio.luau
ModuleScript	ReplicatedStorage/RewardMachineConfig.luau
ModuleScript	ReplicatedStorage/RewardMachineFeedback.luau
ModuleScript	ReplicatedStorage/RewardMachineMotion.luau
ModuleScript	ReplicatedStorage/RewardMachineOdds.luau
ModuleScript	ReplicatedStorage/RewardMachineText.luau
ModuleScript	ReplicatedStorage/ServerKingConfig.luau
ModuleScript	ReplicatedStorage/WorldEvents/AudioAssetIds.luau
ModuleScript	ReplicatedStorage/WorldEvents/WorldEventAudio.luau
ModuleScript	ReplicatedStorage/WorldEvents/WorldEventCataclysm.luau
ModuleScript	ReplicatedStorage/WorldEvents/WorldEventConfig.luau
ModuleScript	ReplicatedStorage/WorldEvents/WorldEventDefinitions.luau
ModuleScript	ReplicatedStorage/WorldEvents/WorldEventFX.luau
ModuleScript	ReplicatedStorage/WorldEvents/WorldEventLighting.luau
ModuleScript	ReplicatedStorage/WorldEvents/WorldEventModifiers.luau
ModuleScript	ReplicatedStorage/WorldEvents/WorldEventObjects.luau
ModuleScript	ReplicatedStorage/WorldEvents/WorldEventSchedule.luau
ModuleScript	ReplicatedStorage/WorldEvents/WorldEventSpectacle.luau
ModuleScript	ReplicatedStorage/WorldSignConfig.luau
ModuleScript	ReplicatedStorage/WorldSignConfig/LocationLabels.luau
ModuleScript	ReplicatedStorage/WorldSound.luau
ModuleScript	ReplicatedStorage/WorldSoundConfig.luau
ModuleScript	ServerScriptService/DeveloperInbox.luau
ModuleScript	ServerScriptService/DogKennelService.luau
ModuleScript	ServerScriptService/Economy/BestFinds.luau
ModuleScript	ServerScriptService/Economy/CommerceProducts.luau
ModuleScript	ServerScriptService/Economy/CommunityQATests.luau
ModuleScript	ServerScriptService/Economy/CommunityService.luau
ModuleScript	ServerScriptService/Economy/Config.luau
ModuleScript	ServerScriptService/Economy/DepthDefinitions.luau
ModuleScript	ServerScriptService/Economy/DisplayRules.luau
ModuleScript	ServerScriptService/Economy/DistrictTravel.luau
ModuleScript	ServerScriptService/Economy/DogDefinitions.luau
ModuleScript	ServerScriptService/Economy/Engine.luau
ModuleScript	ServerScriptService/Economy/EstateQATests.luau
ModuleScript	ServerScriptService/Economy/GlobalDigService.luau
ModuleScript	ServerScriptService/Economy/ItemDefinitions.luau
ModuleScript	ServerScriptService/Economy/ItemRules.luau
ModuleScript	ServerScriptService/Economy/KennelLootPlacement.luau
ModuleScript	ServerScriptService/Economy/LabRecipeConfig.luau
ModuleScript	ServerScriptService/Economy/LabRules.luau
ModuleScript	ServerScriptService/Economy/LabService.luau
ModuleScript	ServerScriptService/Economy/LabState.luau
ModuleScript	ServerScriptService/Economy/LeaderboardRenderer.luau
ModuleScript	ServerScriptService/Economy/LeaderboardService.luau
ModuleScript	ServerScriptService/Economy/LifetimeStats.luau
ModuleScript	ServerScriptService/Economy/LuckyLifecycle.luau
ModuleScript	ServerScriptService/Economy/Market.luau
ModuleScript	ServerScriptService/Economy/MuseumService.luau
ModuleScript	ServerScriptService/Economy/MutationDefinitions.luau
ModuleScript	ServerScriptService/Economy/OfflineEarnings.luau
ModuleScript	ServerScriptService/Economy/OnboardingRules.luau
ModuleScript	ServerScriptService/Economy/OnboardingService.luau
ModuleScript	ServerScriptService/Economy/PaidItemPolicy.luau
ModuleScript	ServerScriptService/Economy/PlotDevelopment.luau
ModuleScript	ServerScriptService/Economy/PlotDevelopmentTests.luau
ModuleScript	ServerScriptService/Economy/PlotRules.luau
ModuleScript	ServerScriptService/Economy/PlotShowcase.luau
ModuleScript	ServerScriptService/Economy/PurchaseService.luau
ModuleScript	ServerScriptService/Economy/RecordStats.luau
ModuleScript	ServerScriptService/Economy/RewardMachineService.luau
ModuleScript	ServerScriptService/Economy/RewardService.luau
ModuleScript	ServerScriptService/Economy/RoulettePurchases.luau
ModuleScript	ServerScriptService/Economy/RouletteTickets.luau
ModuleScript	ServerScriptService/Economy/Rules.luau
ModuleScript	ServerScriptService/Economy/Runtime.luau
ModuleScript	ServerScriptService/Economy/ServerKingPresentation.luau
ModuleScript	ServerScriptService/Economy/SetDefinitions.luau
ModuleScript	ServerScriptService/Economy/ShelterRules.luau
ModuleScript	ServerScriptService/Economy/ShelterService.luau
ModuleScript	ServerScriptService/Economy/ShopDefinitions.luau
ModuleScript	ServerScriptService/Economy/ShopInteriorAccess.luau
ModuleScript	ServerScriptService/Economy/SignatureRules.luau
ModuleScript	ServerScriptService/Economy/StoreKeys.luau
ModuleScript	ServerScriptService/Economy/SupplyRules.luau
ModuleScript	ServerScriptService/Economy/SupportReceipts.luau
ModuleScript	ServerScriptService/Economy/Transactions.luau
ModuleScript	ServerScriptService/Economy/WeightProfiles.luau
ModuleScript	ServerScriptService/Economy/World.luau
ModuleScript	ServerScriptService/Economy/YardCommerce.luau
ModuleScript	ServerScriptService/MovementModifiers.luau
ModuleScript	ServerScriptService/WorldEventService.luau
ModuleScript	ServerScriptService/YardAllocator.luau
ModuleScript	ServerStorage/AttractionRefreshInstaller.luau
ModuleScript	ServerStorage/AttractionTextRepair.luau
ModuleScript	ServerStorage/BalanceQATests.luau
ModuleScript	ServerStorage/DogDefinitions.luau
ModuleScript	ServerStorage/DogGaitQA.luau
ModuleScript	ServerStorage/DogIntegrationAudit.luau
ModuleScript	ServerStorage/DogVisualQA.luau
ModuleScript	ServerStorage/MapRefreshInstaller.luau
ModuleScript	ServerStorage/RewardMachineRethemeInstaller.luau
ModuleScript	ServerStorage/ShelterInteriorInstaller.luau
ModuleScript	StarterGui/ScreenGui/MainWindow/Content/PageContainer/InventoryPage/InventoryView.luau
ModuleScript	StarterGui/ScreenGui/Modules/BuffHUD.luau
ModuleScript	StarterGui/ScreenGui/Modules/CollectorScreen.luau
ModuleScript	StarterGui/ScreenGui/Modules/CommerceShopScreen.luau
ModuleScript	StarterGui/ScreenGui/Modules/DexEntryScreen.luau
ModuleScript	StarterGui/ScreenGui/Modules/DiscoveryScreens.luau
ModuleScript	StarterGui/ScreenGui/Modules/EconomyScreens.luau
ModuleScript	StarterGui/ScreenGui/Modules/FeedbackScreen.luau
ModuleScript	StarterGui/ScreenGui/Modules/GUIIntegration.luau
ModuleScript	StarterGui/ScreenGui/Modules/LabPresentation.luau
ModuleScript	StarterGui/ScreenGui/Modules/LabScreen.luau
ModuleScript	StarterGui/ScreenGui/Modules/LuckyBlockUI.luau
ModuleScript	StarterGui/ScreenGui/Modules/Menus.luau
ModuleScript	StarterGui/ScreenGui/Modules/OfflineEarningsScreen.luau
ModuleScript	StarterGui/ScreenGui/Modules/OnboardingGuide.luau
ModuleScript	StarterGui/ScreenGui/Modules/PlotShopScreen.luau
ModuleScript	StarterGui/ScreenGui/Modules/PreviewRenderer.luau
ModuleScript	StarterGui/ScreenGui/Modules/ProductPricing.luau
ModuleScript	StarterGui/ScreenGui/Modules/PromptFeedback.luau
ModuleScript	StarterGui/ScreenGui/Modules/RewardScreens.luau
ModuleScript	StarterGui/ScreenGui/Modules/StorageScreen.luau
ModuleScript	StarterGui/ScreenGui/Modules/SuppliesScreen.luau
ModuleScript	StarterGui/ScreenGui/Modules/UITheme.luau
ModuleScript	StarterGui/ScreenGui/ServiceMenus/ServiceUI.luau
Script	ServerScriptService/ArchitecturalLightController.server.luau
Script	ServerScriptService/CommunityBootstrap.server.luau
Script	ServerScriptService/CommunityServices.server.luau
Script	ServerScriptService/DistrictDoors.server.luau
Script	ServerScriptService/DistrictSafety.server.luau
Script	ServerScriptService/DogKennels.server.luau
Script	ServerScriptService/DogLineSpawner.server.luau
Script	ServerScriptService/ExpressBootstrap.server.luau
Script	ServerScriptService/FinalPassServices.server.luau
Script	ServerScriptService/GlobalDigBootstrap.server.luau
Script	ServerScriptService/LightingController.server.luau
Script	ServerScriptService/LocationLabelsBootstrap.server.luau
Script	ServerScriptService/MapAmbience.server.luau
Script	ServerScriptService/NavigationSync.server.luau
Script	ServerScriptService/PlayerDataSetup.server.luau
Script	ServerScriptService/RewardBootstrap.server.luau
Script	ServerScriptService/RewardMachinePresentation.server.luau
Script	ServerScriptService/WelcomeArrival.server.luau
Script	ServerScriptService/WorldEventBootstrap.server.luau
Script	ServerScriptService/WorldEventTestServer.server.luau
Script	ServerScriptService/YardService.server.luau
